"id","part","chapter_no","chapter_title","title","place","year","quote","quote_source","caption","media","status"
"w001","One","1","He Came Wrapped in Something Sacred","The blessing after the ultrasound","","","Walker would be greatly missed in the pre-existence. He was a valiant spirit. His mother is the most important woman to him until marriage. He would make a significant contribution to the world and to those that know him.","Chapter One","Tamara's handwritten record of the blessing given the day of the ultrasound.","Walker Notes from TL's blessing.HEIC","ready"
"w002","One","1","He Came Wrapped in Something Sacred","The tip of the spear","","","As I pronounced it, I described a vision of Walker in the shape of a triangle, like the tip of a spear: Walker at the very head, with a number beyond counting following behind him.","Chapter One","The tip-of-the-spear artwork made by Tamara's brother. Not yet in the archive.","","needs-media"
"w003","One","1","He Came Wrapped in Something Sacred","Anthon Walker McFadden","","2005","His name was Anthon Walker McFadden, but we called him Walker, and there was never a name that fit a boy better. Walker was the light in every room he entered.","Chapter One","A newborn photograph of Walker, brought home from the hospital. Not yet in the archive.","","needs-media"
"w004","One","","Fifty-Four More Feet","Fifty-four more feet","Mount Sterling, Utah","","And as I knelt there in the weeds, leaning on the faith that was planted in me all those years ago in Hawaii at the bottom of Honolua Bay, pleading, I heard, as clearly as any conversation I have ever had in my life, a voice behind me. I thought, in that moment, that it was my neighbor Steve, walking up behind me. The voice said: ""54 more feet.""","Fifty-Four More Feet","Rob telling the well story on video, the framed peppercorn gravel with its brass plaque, and the house at The Acres.","The Well Story.mp4|Walker 254 Ft 1.HEIC|Walker 254 Ft 2.HEIC|Walker Well Story 1.JPG|Walker the well story house.JPG","ready"
"w005","One","2","Who Walker Was","The ceiling of the man cave","","","It mattered enough to me that I covered the ceiling of our man cave with it, 920 albums from that golden era of rock, looking down on the room like a sky made of records.","Chapter Two","The man cave ceiling, covered with 920 classic rock albums.","Walker Mancave albums 1.JPG|Walker Mancave albums 2.JPG|Walker Mancave albums 3.JPG|Walker Mancave albums 4.JPG|Walker Photos to be Printed/24x36 Cave.JPG","ready"
"w006","One","3","Washington, Wildcats, the River, and a Baptism","A junior Wildcat at eight","North Bend, Washington","","I think of him at 8 years old, a junior Wildcat in North Bend, Washington, with a little butch haircut so blond his head seemed to glow white under the stadium lights.","Chapter Three","Walker in his junior Wildcats gear, with his team and his coaches.","Walker's Jr Wildcat Coaches.jpg|Walker and his Jr Wildcats Team with Coaches.jpg|Walker JR Wildcats after win.jpg|Walker makes a tackle as a Jr Wildcat.jpg|Walker as a Jr Wildcat with TL.jpg","ready"
"w007","One","3","Washington, Wildcats, the River, and a Baptism","The first jump off Meadowbrook Bridge","North Bend, Washington","","I counted him down, three, two, one, and he jumped at the exact right beat, zero hesitation. I remember the pride that washed over me, watching this boy who simply loved being alive, who had grown up watching his brothers leap from this exact spot and now finally got his turn.","Chapter Three","Walker's first bridge jump, one week after he turned nine, plus later jumps from the same bridge.","Walker Bridge Jump at 9 years old.M4V|Walker Jumps off of Meadowbrook Bridge.m4v|Walker and Carter on Meadowbrook Bridge.jpg|Walker jumps Meadowbrook.PNG","ready"
"w008","One","3","Washington, Wildcats, the River, and a Baptism","The log above the falls at North Fork","North Bend, Washington","","There was an old fallen tree 30 feet above the river, and Walker would walk right out to the middle of that log and leap into the spot where the falls came down. He just loved the experience of it.","Chapter Three","Walker crossing the fallen log and jumping at North Fork.","Walker crossing the log at North Fork.jpg|Walker Cliff Jumping at North Fork.jpg|Walker and Simon swimming at North Fork.jpg|Walker and Bros N Fork River.jpg","ready"
"w009","One","3","Washington, Wildcats, the River, and a Baptism","The cookies and the invitation to Coach Norah","North Bend, Washington","","Coach Norah looked perplexed, but only for a second. Then this tall, no-excuses man took a knee, lowered himself until he was eye to eye with my 8-year-old son, and said, ""So you're getting baptized. I'm proud of you. And I want you to know, I wouldn't miss that for anything. We'll be there.""","Chapter Three","Coach Mark Norah, and the baptismal invitation Tamara handed out along the sideline.","Walker Coach Mark Norah 1.JPG|Walker Coach Mark Norah 2.JPG|Walkers baptismal invitation that TL shared with his football team.JPG","ready"
"w010","One","3","Washington, Wildcats, the River, and a Baptism","Walker's baptism","North Bend, Washington","","That coming Saturday, there were about 40 people at Walker's baptism. Roughly half of them came from his football team, coaches, teammates, and their parents, somewhere around 20 in all, there to support an 8-year-old boy on the most important day of his young life.","Chapter Three","Walker on the day of his baptism, with six of his teammates gathered around him.","Walker's Baptism.png","ready"
"w011","One","4","Australia, Finding His Tribe","The first rugby practice","Melbourne, Australia","","I sat on the sideline and watched that whole first practice. When it was over, Coach Rob came straight over to me. ""If you'll let me,"" he said, ""I could really turn Walker into a rugby player.""","Chapter Four","Walker's first year of rugby with the Southport Pirates, and Coach Rob Allison.","Walker Rugby Pics/Walker Rugby 1.jpg|Walker Rugby Pics/Walker Rugby 11_Scrum.jpg|Walker Rugby Pics/Walker Rugby 28_Coach Rob.jpg|Walker Southport Pirates Team Shot.JPG|Walker with Rob Allison SPP Coach.JPG","ready"
"w012","One","4","Australia, Finding His Tribe","Winning the grand final","Melbourne, Australia","","He played U12s for the Southport Pirates, and in his very first year, his team won the grand final. To put that in American terms: it's like winning the Super Bowl your rookie season.","Chapter Four","The Southport Pirates winning the grand final, and Walker with his medal.","Walker SPP win the Grand Final.JPG|Walker winning the Grand Final in Rugby.jpg|Walker recieving his Grand Final Medel.jpg|Walker and SPP after win.JPG","ready"
"w013","One","4","Australia, Finding His Tribe","The team awards from Coach Rob","Melbourne, Australia","","But it wasn't just a team triumph. Coach Rob handed Walker multiple awards at the team level, recognition from a man who knew him and coached him.","Chapter Four","Video of the Southport Pirates awards night, and Walker with his team trophies.","Walker Awards.MOV|Walker Wins ALL the Awards.MOV|Walker being Humble.MOV|Walker Most Tenacious Player Award.JPG|Walker Southport Pirates Awards.JPG|Walker and mom holding Best Endevour Trophy.JPG","ready"
"w014","One","4","Australia, Finding His Tribe","Best on Ground","Melbourne, Australia","","And then came recognition of an entirely different kind. On the day of the grand final, the league named Walker Best on Ground, the Australian version of Most Valuable Player.","Chapter Four","Walker with his Best on Ground medal.","Walker admiring his Best on Ground award.jpg|Walker winning Best on ground_Rugby.jpg|Walker Best on Ground Medel.JPG","ready"
"w015","One","4","Australia, Finding His Tribe","The bloody nose","Melbourne, Australia","","Needless to say, Walker came running off the field in the second half with the biggest bloody nose you've ever seen.","Chapter Four","A photo of Walker with the bloody nose. Not yet in the archive.","","needs-media"
"w016","One","5","Connecticut, His Boys","His boys in New Canaan","New Canaan, Connecticut","","When we moved back from Australia, we landed in New Canaan, Connecticut. And just like everywhere else, Walker immediately had a close group of friends.","Chapter Five","Walker's New Canaan friends, at the house and around town.","Walker's New Canaan Crew.HEIC|Walker and friends Smith Ridge Basement.JPG|Walker NC Saxe Middle School friends.JPG|Walker and friends in NC bonfire.jpg","ready"
"w017","One","5","Connecticut, His Boys","Back to football with the Rams","New Canaan, Connecticut","","After his rugby career in Australia, Walker loved returning to American football. He found a real sense of self in coming back to the game he'd grown up loving. And he was good, a starter, and a captain on his team.","Chapter Five","Game footage and photographs from Walker's football years in New Canaan.","Walker 73 Lead Blocker.MOV|Walker Backfield Tackle_NC Rams.mov|Walker_New Canaan_Tackle.MOV|Walker NC Rams 2019 Team Captains.JPG|Walker runs on the field for NC Rams.JPG","ready"
"w018","One","6","Walker and His Family","Wrestling his brothers","","","They wrestled endlessly. In the last couple of years Walker had gotten big enough to actually win, and he'd pin his older brother and simply refuse to let go, grinning the whole time, driving Porter crazy and loving every second of it.","Chapter Six","Walker wrestling Carter and Porter, including the $5 wrestle.","Walker and brothers $5 wrestle.MOV|Walker and Carter_Let's get sweaty.MOV|Walker and brothers wrestle_NC.MOV|Walker and bros wrestling.JPG","ready"
"w019","One","6","Walker and His Family","The video he made for Hattie","","","Walker and his sister Hattie shared something especially tender. While Hattie was away serving her mission, Walker sat down and recorded a video telling her exactly why he loved her.","Chapter Six","The video Walker recorded for Hattie while she was serving her mission.","Walker Why I Love Hattie While she was on her mission.mov","ready"
"w020","One","6","Walker and His Family","I love you, Mom","Highland, Utah","","He stopped. He stood there in the doorway, keys in hand, his friends all around him, and said it again. ""I love you, Mom.""","Chapter Six","Walker with his mother.","Walker and Tamara Beach Hug.jpg|Walker and Tamara Beach hug 2.jpg|Walker hugs his mother Carrum Downs Beach.JPG|Walker Snuggles Mom on Couch NC Smith Ridge.JPG","ready"
"w021","One","6","Walker and His Family","Belle and Patricia","","","That is the picture of Walker I hold onto: a boy on a couch, taking a panda named Patricia completely seriously, because the sister he loved did.","Chapter Six","Isabel with her pandas, and a panda drawing of hers.","Belle with Pandas 1.HEIC|Belle with Pandas 2.HEIC|Belle Pandas 3.HEIC|Belle's Panda Drawing.JPG","ready"
"w022","One","7","Utah, Coming Home","I got this, Dad","Highland, Utah","","I started to say one more thing, and Walker cut me a cool, sly side-eye and, under his breath, said, ""I got this, Dad.""","Chapter Seven","Walker in his Lone Peak football gear.","Walker LP Knights.JPG|Walker LP Knights field pic.JPG|Walker Lone Peak Football with TL.JPG|Walker and Dad after Football Game LPHS.JPG","ready"
"w023","One","7","Utah, Coming Home","Tess reads her poem","Highland, Utah","2021","She dated it October 22, 2021, and she titled it ""Connection.""","Chapter Seven","Tess Morris reading her poem ""Connection"" on video. Included with her permission.","Walker_Connection by Tess Morris.MOV","ready"
"w024","Two","8","The Christmas House","Seventeen inches overnight","Alpine, Utah","2016","My wife loves snow. And the day we moved in for our month-long lease, December of 2016, a storm rolled through and left 17 inches of fresh snow on the deck in a single night.","Chapter Eight","A photograph of the Christmas House. Not yet in the archive.","","needs-media"
"w025","Two","9","The Dream Home","The house built for the gatherer","Alpine, Utah","","It was, in every square foot, a house built for the boy who loved to bring people together.","Chapter Nine","Plans or photographs of the basement designed for Walker. Not yet in the archive.","","needs-media"
"w026","Two","10","The Day","The last words at the door","","","That morning, I said it back. It was the last thing I ever said to my son, and it was exactly the right thing.","Chapter Ten, in Tamara's words","","","ready"
"w027","Three","11","The Fog","It sounds like somebody else is listening","Salt Lake City, Utah","2022","Sister Clayton turned back to me with a knowing look. ""Well,"" she said, ""it sounds like somebody else is listening.""","Chapter Eleven","The family at the live recording of Music and the Spoken Word at Temple Square.","Walker Family at the Mormon Tab Practice.HEIC","ready"
"w028","Three","13","The Three Miracles","Elder Holland at the funeral","","2022","And then he turned to something far more serious, something I will carry for the rest of my life. Of Walker's passing, he said: ""This is not tragic. It's very, very sad. It's very disappointing, but it's not tragic. Tragedies have terrible endings, and this has a perfect ending.""","Chapter Thirteen","Rob with Elder Jeffrey R. Holland, and Elder Holland at the funeral service.","Walker me with Elder Holland 1.JPG|Walker me with Elder Holland2.JPG|Walkers funeral Elder Holland 1.JPG|Walkers funeral Elder Holland 2.JPG|Walkers funeral Elder Holland 3.JPG","ready"
"w029","Three","13","The Three Miracles","Caitlin Anderson's sketch","","","Weeks later, a sketch arrived at our home from a young woman we did not even know, Caitlin Anderson, who had felt inspired to draw the very scene that had been revealed to us: our boy, gathered into the arms of his Savior. She had no earthly way of knowing what we had been shown.","Chapter Thirteen","Caitlin Anderson's drawing of the Savior receiving Walker. Not yet in the archive.","","needs-media"
"w030","Three","14","Back-to-Back Great Days","March 4th and March 5th","","2022","Our daughter Hattie was married on March 4th, which also happens to be my birthday. And Walker passed away almost exactly 24 hours later, at around 11 o'clock in the morning on March 5th.","Chapter Fourteen","Walker at Hattie's wedding at the Mount Timpanogos Temple.","Walker Hattie Wedding shot at Mt Timp Temple.JPG|Walker and Hattie Mt Timp Temple.JPG|Walker on Hatties Wedding Day with all his brothers.jpg","ready"
"w031","Three","16","The Night I Stayed Awake","The last family picture","","2022","Instead, on the very last full day of his life on this earth, we were handed a complete family portrait, perfectly timed. All of us, together, one day before he passed, captured by a Father who already knew what the next morning would hold when we did not.","Chapter Sixteen","The family photograph taken at Hattie's wedding, one day before the accident.","Walker and Family at Hatties Wedding.jpg","ready"
"w032","Three","16","The Night I Stayed Awake","The Scout","","2022","It was a 1977 International Scout, and if you have never seen one, picture an old-school Bronco: clean, square body lines, very little rust, sitting up high on big tires, with a row of floodlights across the top. It was tattered and a little disheveled, and that was exactly what Walker loved about it.","Chapter Sixteen","Walker's 1977 International Scout, including the day it was loaded up in Wyoming.","Walker 77 Scout 1.HEIC|Walker 77 Scout 2.HEIC|Walkers 77 Scout getting loaded in WY.HEIC|Walker and bros with new scout.JPG|Walker Photos to be Printed/11x17 Scout.JPG","ready"
"w033","Three","16","The Night I Stayed Awake","The music at the funeral","","2022","And then there was the music. The songs were sung so beautifully, and carried such a spirit of love, that they became their own witness in the room.","Chapter Sixteen","Video of family and cousins singing for the funeral service, including practice recordings.","Walker Kissy and Sarah Sing for Funeral.MOV|Walker Cousins Sing for Funeral.MOV|Walker Healer by Justin Miskin.MOV|Walker Justin practicing Healer for the funeral service.MOV|Walker Smoother Stone with Kellen Miskin (Aunt) Sarah Bills and Justin Miskin  cousins).MOV|Walker Quiet Place with Keleen Miskin (Aunt), Sarah Bills (cousin) and Kelsey Johnson (sister).MOV","ready"
"w034","Three","16","The Night I Stayed Awake","Peace in Christ","","2022","The song was ""Peace in Christ."" 500 voices, lifting that hymn into the night air, singing it directly to our family, and to Walker.","Chapter Sixteen","Video of roughly 500 people singing outside the house in the rain, filmed by the Shamy family.","Walker_Peace in Christ Vigil_500 people in the rain.mov|Walker Lights_Peace in Christ 1.MOV|Walker Lights_Peace in Christ 2.MOV","ready"
"w035","Three","16","The Night I Stayed Awake","The haka in the parking lot","","2022","There had to be close to a hundred of them. And as Walker's casket was carried out and lifted into the hearse by his own dear friends, all of those people began to perform the haka for him.","Chapter Sixteen","The haka performed in the church parking lot at the end of the funeral service.","Walker Funeral Haka.MOV|Walker Funeral Service Haka 1.MOV|Walker After the funeral in the parking lot 1.HEIC|Walker After the funeral in the parking lot 2.HEIC","ready"
"w036","Three","17","Love Like Walker","What it means to love like Walker","Alpine, Utah","2022","In the days after we lost him, about 20 of Walker's high school friends gathered at Bishop Jordan's house. Out on his back deck, with the mountains of Alpine, Utah rising in the background, we filmed each of them answering a single question: What does it mean to love like Walker?","Chapter Seventeen","Walker's friends answering the question on camera, plus the Love Like Walker EFY video.","Love Like Walker Videos/Walker Tess 1 #LLW.MOV|Love Like Walker Videos/Walker Carlos 1 #LLW.MOV|Love Like Walker Videos/Walker Ava 1 #LLW.MOV|Love Like Walker Videos/Walker Annie 1 #LLW.MOV|Love Like Walker Videos/Walker Austin #LLW.MOV|Love Like Walker Videos/Walker Jaxon #LLW.MOV|Love Like Walker Videos/Walker Kira #LLW.MOV|Love Like Walker Videos/Walker Logan 1 #LLW.MOV|Love Like Walker Videos/Walker Mariah 1 #LLW.MOV|Love Like Walker Videos/Walker Dillon #LLW.MOV.MOV|Love Like Walker Videos/Walker Dean and Lleyton 1 #LLW.MOV|Love Like Walker Videos/Walker Livi and Sarah #LLW.MOV.MOV|Love Like Walker Videos/Love Like Walker EFY.mp4","ready"
"w037","Three","17","Love Like Walker","Breakfast burritos","Alpine, Utah","","She gave me a half-smile. ""When the house is done,"" she said, ""you're going to pay us with slumber parties and breakfast burritos.""","Chapter Seventeen","Walker's friends on the day they came to help clean the house. Most of them stayed nine hours.","Walker's friends came to clean the house and most stayed for 9 hours.HEIC|Walkers friends that came to help me clean the house.HEIC","ready"
"w038","Three","18","What His Siblings Remember","New Zealand with Hattie","New Zealand","","When we went on that trip to New Zealand, Walker and I took so many pictures together. I love how willing he was to just take selfies with me all over the place: in the car, in the helicopter, at the tree-climbing place, at the house, on the beach.","Chapter Eighteen, in Hattie's words","Walker and Hattie together on the New Zealand trip.","Walker and Hattie Helicopter NZ.jpg|Walker and Hattie Tree Climb NZ.jpg|Walker and Hattie NZ Hiking .JPG|Walker and Hattie in Cave NZ.JPG|Walker and hattie in NZ.JPG|Walker and Hattie NZ10.JPG","ready"
"w039","Three","18","What His Siblings Remember","The last hug","","2022","And then he hugged me. That was our last hug. I am grateful that I can pinpoint that exact moment, and hold onto it.","Chapter Eighteen, in Hattie's words","Walker and Hattie on her wedding day, March 4th.","Walker and Hattie on Wedding Day 2.JPG|Walker and Hattie Wedding day.jpg","ready"
"w040","Three","","I Command Your Body to Heal","I command your body to heal","Logan, Utah","","I managed to get just my fingertips onto the top of her head, and there Bruce and I gave her a blessing. During that blessing, I remember saying, ""I command your body to heal."" I do not remember a single other word of it. Only that phrase.","I Command Your Body to Heal","A photograph of Isabel from that time. Not yet in the archive.","","needs-media"
"w041","Three","20","The People I Have Lost","Jason Hall","","","My wife's cousin, Jason Hall, was a fantastic human being. When he was 15, vacationing at Lake Powell here in Utah, he ran down a sand dune and dove into the lake, and struck a shallow sandbar.","Chapter Twenty","Photographs from Jason Hall's funeral service.","Walker Jason Hall funeral 1.HEIC|Walker Jason Hall funeral 2.HEIC|Walker Jason Hall funeral 3.HEIC","ready"
"w042","Three","20","The People I Have Lost","Arthur Pokere","Auckland, New Zealand","","Arthur Pokere was a dear friend we met while living in Australia, though he was originally from New Zealand. We grew close, close enough that one of his final requests, as he battled cancer, was that my wife would speak at his funeral.","Chapter Twenty","Rob with Arthur Pokere.","Walker me and Arthur Pokeri.JPG","ready"
"w043","Three","20","The People I Have Lost","My brother Lee","","","My brother, Lee McFadden, passed away 9 years ago. He died of a glioblastoma, a tumor in his brain, and it was a sad, sad day when we lost him.","Chapter Twenty","Lee McFadden, and his gravesite near Walker's.","Walker me, lee and bev.JPG|Walker pic of me bev and lee.JPG|Walker Lee and Mamasita.HEIC|Walker Lee's gravesite 1.HEIC|Walker Lee's gravesite 2.jpg|Walker Lee's gravesite 3.jpg","ready"
"w044","Four","21","What He Is Doing Now","The shape of the promise","","","That is not how it has unfolded. It is unfolding another way, quieter, and I think greater: through his story.","Chapter Twenty-One","Tamara teaching at EFY, one of the places she has told Walker's story.","Walker Tamara teaching at EFY.JPG","ready"
"w045","Four","22","The Next Chapter","Walker's Homecoming","","","More than 70 friends and family came to remember Walker and to light his light. We cried, and we laughed, and we remembered. It was a good day.","Chapter Twenty-Two, in Tamara's words","Friends and family gathering on March 5th to light his light.","Walker Memorial Lights.MOV|Walker Memorial Lights 2.MOV|Walker Memorial Gathering.MOV|Walker Gathering for lights 20.JPG|Walker Gathering for lights 21.JPG","ready"
